order_id,product_id,category,supplier,price,quantity,order_date,customer_location,marketing_channel,returned
1,202,Beauty,Supplier D,2608,3,2023-01-01,Delhi,Referral,0
2,279,Electronics,Supplier C,540,2,2023-01-02,Mumbai,Ads,0
3,192,Beauty,Supplier C,3017,2,2023-01-03,Delhi,Ads,1
4,114,Home,Supplier B,2696,2,2023-01-04,Bangalore,Email,0
5,206,Fashion,Supplier D,1925,4,2023-01-05,Hyderabad,Email,0
6,171,Electronics,Supplier C,1889,2,2023-01-06,Bangalore,Ads,0
7,288,Electronics,Supplier A,3467,1,2023-01-07,Mumbai,Organic,0
8,120,Fashion,Supplier C,4606,4,2023-01-08,Chennai,Referral,1
9,202,Beauty,Supplier A,461,4,2023-01-09,Delhi,Referral,0
10,221,Fashion,Supplier B,1642,2,2023-01-10,Hyderabad,Organic,0
11,174,Beauty,Supplier A,605,1,2023-01-11,Chennai,Organic,0
12,187,Fashion,Supplier C,2390,4,2023-01-12,Bangalore,Organic,0
13,216,Home,Supplier C,4637,3,2023-01-13,Hyderabad,Organic,0
14,199,Beauty,Supplier C,443,4,2023-01-14,Chennai,Organic,0
15,203,Home,Supplier B,4785,2,2023-01-15,Hyderabad,Organic,0
16,251,Electronics,Supplier B,4307,1,2023-01-16,Mumbai,Referral,0
17,230,Fashion,Supplier D,760,2,2023-01-17,Mumbai,Organic,0
18,249,Electronics,Supplier C,4337,3,2023-01-18,Delhi,Ads,1
19,152,Electronics,Supplier A,2925,3,2023-01-19,Delhi,Organic,0
20,101,Electronics,Supplier B,793,3,2023-01-20,Mumbai,Organic,0
21,187,Electronics,Supplier C,2026,2,2023-01-21,Hyderabad,Referral,0
22,257,Fashion,Supplier C,3429,4,2023-01-22,Mumbai,Referral,1
23,137,Electronics,Supplier B,3487,2,2023-01-23,Delhi,Organic,0
24,229,Fashion,Supplier D,4273,1,2023-01-24,Mumbai,Referral,1
25,291,Fashion,Supplier B,333,4,2023-01-25,Mumbai,Email,0
26,287,Home,Supplier B,3338,3,2023-01-26,Hyderabad,Referral,0
27,120,Beauty,Supplier A,4119,2,2023-01-27,Chennai,Referral,0
28,260,Beauty,Supplier A,272,3,2023-01-28,Delhi,Referral,0
29,157,Fashion,Supplier D,4694,3,2023-01-29,Hyderabad,Referral,1
30,121,Home,Supplier C,4425,1,2023-01-30,Mumbai,Ads,1
31,188,Fashion,Supplier B,3178,4,2023-01-31,Mumbai,Ads,1
32,148,Fashion,Supplier D,4561,1,2023-02-01,Chennai,Ads,1
33,158,Fashion,Supplier A,2185,1,2023-02-02,Delhi,Organic,0
34,269,Home,Supplier B,992,1,2023-02-03,Delhi,Organic,0
35,287,Beauty,Supplier C,4459,3,2023-02-04,Bangalore,Email,0
36,114,Home,Supplier A,294,1,2023-02-05,Delhi,Ads,0
37,289,Electronics,Supplier A,1333,1,2023-02-06,Chennai,Organic,0
38,289,Home,Supplier A,437,4,2023-02-07,Bangalore,Referral,0
39,274,Home,Supplier D,3146,4,2023-02-08,Bangalore,Referral,0
40,289,Home,Supplier C,2730,1,2023-02-09,Mumbai,Ads,0
41,150,Home,Supplier B,2160,4,2023-02-10,Mumbai,Email,0
42,207,Beauty,Supplier D,1248,4,2023-02-11,Delhi,Email,0
43,154,Electronics,Supplier D,2729,1,2023-02-12,Bangalore,Referral,0
44,163,Beauty,Supplier D,3164,3,2023-02-13,Mumbai,Email,0
45,230,Beauty,Supplier A,1163,1,2023-02-14,Chennai,Ads,0
46,150,Home,Supplier C,736,4,2023-02-15,Mumbai,Referral,0
47,234,Fashion,Supplier D,4423,3,2023-02-16,Mumbai,Organic,1
48,120,Fashion,Supplier B,3879,2,2023-02-17,Bangalore,Organic,1
49,172,Beauty,Supplier C,4387,3,2023-02-18,Bangalore,Email,0
50,266,Beauty,Supplier B,3924,4,2023-02-19,Hyderabad,Referral,0
51,117,Home,Supplier C,742,3,2023-02-20,Chennai,Referral,0
52,231,Beauty,Supplier B,1045,1,2023-02-21,Bangalore,Organic,0
53,188,Home,Supplier A,3803,2,2023-02-22,Delhi,Referral,0
54,159,Fashion,Supplier D,3236,2,2023-02-23,Chennai,Referral,1
55,113,Fashion,Supplier B,2694,2,2023-02-24,Chennai,Referral,0
56,108,Electronics,Supplier C,4685,4,2023-02-25,Bangalore,Email,0
57,189,Fashion,Supplier D,2919,4,2023-02-26,Chennai,Referral,0
58,152,Beauty,Supplier D,2084,2,2023-02-27,Bangalore,Ads,0
59,229,Fashion,Supplier C,4338,3,2023-02-28,Mumbai,Email,1
60,183,Home,Supplier B,4549,2,2023-03-01,Hyderabad,Referral,0
61,191,Fashion,Supplier A,3401,3,2023-03-02,Mumbai,Referral,1
62,210,Electronics,Supplier A,2910,3,2023-03-03,Bangalore,Ads,0
63,287,Fashion,Supplier B,2153,4,2023-03-04,Bangalore,Email,0
64,298,Home,Supplier D,4937,3,2023-03-05,Mumbai,Organic,0
65,271,Home,Supplier D,4050,2,2023-03-06,Delhi,Organic,0
66,107,Beauty,Supplier D,889,4,2023-03-07,Delhi,Email,0
67,274,Fashion,Supplier D,2150,1,2023-03-08,Delhi,Referral,0
68,134,Home,Supplier B,656,1,2023-03-09,Bangalore,Referral,0
69,180,Electronics,Supplier D,2330,4,2023-03-10,Chennai,Organic,0
70,263,Beauty,Supplier C,4176,2,2023-03-11,Bangalore,Organic,0
71,149,Electronics,Supplier D,4444,1,2023-03-12,Chennai,Organic,0
72,203,Fashion,Supplier A,1379,1,2023-03-13,Mumbai,Ads,1
73,231,Fashion,Supplier D,4485,3,2023-03-14,Hyderabad,Organic,1
74,101,Fashion,Supplier B,3765,3,2023-03-15,Chennai,Ads,1
75,233,Beauty,Supplier A,1082,2,2023-03-16,Delhi,Email,0
76,153,Home,Supplier B,599,4,2023-03-17,Bangalore,Referral,0
77,205,Beauty,Supplier B,808,2,2023-03-18,Mumbai,Organic,0
78,103,Electronics,Supplier A,1838,4,2023-03-19,Delhi,Referral,0
79,153,Beauty,Supplier B,2348,1,2023-03-20,Mumbai,Referral,0
80,290,Electronics,Supplier B,1582,3,2023-03-21,Hyderabad,Organic,0
81,245,Beauty,Supplier D,1603,2,2023-03-22,Bangalore,Organic,0
82,143,Home,Supplier C,1019,2,2023-03-23,Bangalore,Email,0
83,261,Electronics,Supplier B,3492,4,2023-03-24,Hyderabad,Ads,1
84,289,Fashion,Supplier B,1019,4,2023-03-25,Bangalore,Ads,1
85,113,Fashion,Supplier B,619,2,2023-03-26,Chennai,Referral,0
86,194,Beauty,Supplier D,4419,4,2023-03-27,Mumbai,Organic,0
87,147,Fashion,Supplier C,4717,2,2023-03-28,Delhi,Email,1
88,114,Electronics,Supplier A,3502,2,2023-03-29,Hyderabad,Email,0
89,299,Fashion,Supplier D,1708,2,2023-03-30,Chennai,Email,0
90,289,Home,Supplier D,967,1,2023-03-31,Delhi,Email,0
91,139,Home,Supplier C,2244,4,2023-04-01,Delhi,Email,0
92,181,Beauty,Supplier C,2339,3,2023-04-02,Hyderabad,Ads,0
93,210,Electronics,Supplier D,3229,3,2023-04-03,Chennai,Ads,0
94,152,Home,Supplier A,1749,4,2023-04-04,Delhi,Ads,0
95,123,Home,Supplier D,1964,2,2023-04-05,Delhi,Organic,0
96,253,Electronics,Supplier C,2845,3,2023-04-06,Chennai,Referral,0
97,287,Fashion,Supplier A,3916,3,2023-04-07,Bangalore,Email,1
98,223,Fashion,Supplier C,4805,4,2023-04-08,Delhi,Organic,1
99,140,Beauty,Supplier A,4681,3,2023-04-09,Mumbai,Email,0
100,256,Fashion,Supplier B,2493,2,2023-04-10,Chennai,Ads,1
101,114,Electronics,Supplier C,2908,4,2023-04-11,Delhi,Organic,0
102,144,Home,Supplier C,1100,2,2023-04-12,Hyderabad,Ads,0
103,164,Fashion,Supplier D,3284,3,2023-04-13,Mumbai,Email,1
104,188,Beauty,Supplier C,2209,3,2023-04-14,Delhi,Email,0
105,170,Fashion,Supplier C,441,2,2023-04-15,Mumbai,Referral,0
106,108,Electronics,Supplier B,2585,1,2023-04-16,Mumbai,Email,0
107,187,Beauty,Supplier C,4468,3,2023-04-17,Bangalore,Ads,1
108,228,Fashion,Supplier B,871,1,2023-04-18,Mumbai,Email,0
109,235,Beauty,Supplier B,363,3,2023-04-19,Bangalore,Referral,0
110,162,Electronics,Supplier B,664,1,2023-04-20,Chennai,Referral,0
111,238,Home,Supplier B,3242,1,2023-04-21,Bangalore,Ads,1
112,180,Electronics,Supplier A,4792,1,2023-04-22,Hyderabad,Organic,0
113,235,Electronics,Supplier D,4995,2,2023-04-23,Delhi,Email,0
114,262,Electronics,Supplier A,2642,1,2023-04-24,Chennai,Referral,0
115,262,Electronics,Supplier C,4998,1,2023-04-25,Chennai,Email,0
116,132,Home,Supplier A,2555,1,2023-04-26,Hyderabad,Email,0
117,222,Home,Supplier A,4478,3,2023-04-27,Bangalore,Organic,0
118,104,Beauty,Supplier C,4924,1,2023-04-28,Delhi,Referral,0
119,140,Fashion,Supplier C,2757,3,2023-04-29,Bangalore,Email,0
120,127,Home,Supplier C,745,1,2023-04-30,Mumbai,Referral,0
121,234,Home,Supplier A,4919,1,2023-05-01,Bangalore,Ads,0
122,171,Fashion,Supplier A,4035,2,2023-05-02,Chennai,Ads,1
123,111,Home,Supplier C,793,3,2023-05-03,Delhi,Email,0
124,261,Electronics,Supplier D,4004,1,2023-05-04,Bangalore,Referral,0
125,132,Electronics,Supplier D,1659,3,2023-05-05,Delhi,Email,0
126,147,Fashion,Supplier B,3693,3,2023-05-06,Delhi,Referral,1
127,250,Beauty,Supplier C,2801,4,2023-05-07,Mumbai,Referral,0
128,161,Beauty,Supplier B,2644,2,2023-05-08,Mumbai,Organic,0
129,136,Fashion,Supplier D,2872,2,2023-05-09,Chennai,Organic,0
130,198,Fashion,Supplier B,4400,2,2023-05-10,Hyderabad,Organic,1
131,271,Electronics,Supplier C,216,4,2023-05-11,Delhi,Email,0
132,203,Beauty,Supplier C,3391,4,2023-05-12,Hyderabad,Organic,0
133,134,Home,Supplier C,592,2,2023-05-13,Chennai,Organic,0
134,292,Electronics,Supplier A,624,4,2023-05-14,Delhi,Ads,0
135,200,Fashion,Supplier B,771,4,2023-05-15,Delhi,Referral,0
136,274,Beauty,Supplier D,3831,4,2023-05-16,Hyderabad,Referral,0
137,230,Home,Supplier D,1320,2,2023-05-17,Bangalore,Organic,0
138,100,Home,Supplier D,441,2,2023-05-18,Mumbai,Referral,0
139,104,Electronics,Supplier A,4097,2,2023-05-19,Bangalore,Ads,0
140,241,Beauty,Supplier A,4295,4,2023-05-20,Hyderabad,Ads,1
141,202,Beauty,Supplier C,2479,2,2023-05-21,Mumbai,Organic,0
142,126,Fashion,Supplier D,988,4,2023-05-22,Bangalore,Ads,1
143,236,Beauty,Supplier A,914,1,2023-05-23,Mumbai,Referral,0
144,114,Beauty,Supplier C,3049,4,2023-05-24,Delhi,Email,0
145,189,Electronics,Supplier D,975,3,2023-05-25,Bangalore,Referral,0
146,141,Beauty,Supplier B,4226,2,2023-05-26,Mumbai,Email,0
147,223,Home,Supplier C,2447,2,2023-05-27,Mumbai,Organic,0
148,278,Electronics,Supplier A,278,3,2023-05-28,Mumbai,Email,0
149,162,Electronics,Supplier A,4126,4,2023-05-29,Bangalore,Ads,1
150,195,Fashion,Supplier C,1055,1,2023-05-30,Chennai,Referral,0
151,151,Beauty,Supplier C,2348,3,2023-05-31,Bangalore,Email,0
152,195,Fashion,Supplier A,1231,3,2023-06-01,Hyderabad,Referral,0
153,231,Home,Supplier B,3471,4,2023-06-02,Bangalore,Organic,0
154,250,Electronics,Supplier D,3776,2,2023-06-03,Mumbai,Organic,0
155,242,Electronics,Supplier B,4382,4,2023-06-04,Delhi,Ads,1
156,270,Electronics,Supplier C,3656,3,2023-06-05,Bangalore,Organic,0
157,128,Home,Supplier B,3706,3,2023-06-06,Bangalore,Email,0
158,135,Home,Supplier A,607,2,2023-06-07,Mumbai,Organic,0
159,112,Fashion,Supplier C,2911,2,2023-06-08,Delhi,Ads,1
160,259,Fashion,Supplier D,3288,2,2023-06-09,Delhi,Referral,1
161,170,Fashion,Supplier A,1868,4,2023-06-10,Hyderabad,Referral,0
162,286,Beauty,Supplier A,347,2,2023-06-11,Bangalore,Organic,0
163,185,Electronics,Supplier D,4527,3,2023-06-12,Delhi,Email,0
164,127,Electronics,Supplier D,4097,3,2023-06-13,Delhi,Ads,0
165,165,Fashion,Supplier B,2150,1,2023-06-14,Chennai,Email,0
166,269,Electronics,Supplier C,565,4,2023-06-15,Chennai,Ads,0
167,144,Fashion,Supplier D,1874,1,2023-06-16,Delhi,Organic,0
168,161,Beauty,Supplier D,4731,3,2023-06-17,Hyderabad,Ads,1
169,284,Beauty,Supplier C,4694,1,2023-06-18,Delhi,Ads,0
170,233,Home,Supplier D,2746,3,2023-06-19,Mumbai,Organic,0
171,127,Beauty,Supplier D,762,1,2023-06-20,Bangalore,Email,0
172,127,Fashion,Supplier B,3762,2,2023-06-21,Hyderabad,Organic,1
173,207,Beauty,Supplier A,2689,1,2023-06-22,Mumbai,Ads,0
174,143,Home,Supplier A,972,2,2023-06-23,Hyderabad,Organic,0
175,183,Electronics,Supplier A,2237,2,2023-06-24,Mumbai,Ads,0
176,129,Fashion,Supplier A,3623,4,2023-06-25,Bangalore,Organic,1
177,289,Electronics,Supplier D,2767,2,2023-06-26,Bangalore,Referral,0
178,174,Home,Supplier C,1773,2,2023-06-27,Chennai,Referral,0
179,227,Home,Supplier C,3894,1,2023-06-28,Mumbai,Organic,0
180,191,Home,Supplier B,3491,3,2023-06-29,Chennai,Email,0
181,289,Electronics,Supplier B,1446,4,2023-06-30,Mumbai,Ads,0
182,228,Electronics,Supplier D,3919,2,2023-07-01,Chennai,Referral,0
183,220,Electronics,Supplier C,4039,4,2023-07-02,Bangalore,Email,0
184,126,Electronics,Supplier C,559,1,2023-07-03,Hyderabad,Ads,0
185,289,Home,Supplier A,2576,2,2023-07-04,Chennai,Referral,0
186,220,Home,Supplier D,3209,1,2023-07-05,Mumbai,Referral,0
187,215,Fashion,Supplier D,3193,4,2023-07-06,Mumbai,Organic,1
188,102,Fashion,Supplier A,1162,1,2023-07-07,Bangalore,Ads,1
189,202,Electronics,Supplier D,3832,4,2023-07-08,Mumbai,Email,0
190,297,Beauty,Supplier D,2027,1,2023-07-09,Delhi,Email,0
191,299,Beauty,Supplier B,1813,4,2023-07-10,Hyderabad,Email,0
192,254,Home,Supplier C,1840,3,2023-07-11,Chennai,Ads,0
193,236,Home,Supplier D,2416,1,2023-07-12,Hyderabad,Email,0
194,161,Home,Supplier B,4512,1,2023-07-13,Bangalore,Email,0
195,264,Fashion,Supplier C,577,3,2023-07-14,Chennai,Email,0
196,150,Fashion,Supplier A,4414,3,2023-07-15,Chennai,Organic,1
197,271,Home,Supplier B,4485,1,2023-07-16,Delhi,Organic,0
198,251,Home,Supplier B,569,3,2023-07-17,Bangalore,Ads,0
199,158,Home,Supplier C,2396,2,2023-07-18,Mumbai,Ads,0
200,217,Beauty,Supplier A,3947,4,2023-07-19,Delhi,Email,0
201,259,Fashion,Supplier B,851,4,2023-07-20,Delhi,Organic,0
202,195,Beauty,Supplier D,969,4,2023-07-21,Hyderabad,Referral,0
203,279,Beauty,Supplier D,2621,2,2023-07-22,Hyderabad,Referral,0
204,212,Home,Supplier D,980,3,2023-07-23,Hyderabad,Email,0
205,161,Home,Supplier A,1916,3,2023-07-24,Delhi,Email,0
206,285,Electronics,Supplier B,4183,1,2023-07-25,Mumbai,Organic,0
207,151,Electronics,Supplier D,1511,3,2023-07-26,Chennai,Organic,0
208,111,Beauty,Supplier A,3559,1,2023-07-27,Hyderabad,Organic,0
209,138,Fashion,Supplier D,722,2,2023-07-28,Mumbai,Ads,1
210,229,Home,Supplier C,721,4,2023-07-29,Bangalore,Ads,0
211,230,Home,Supplier B,2520,4,2023-07-30,Hyderabad,Email,0
212,212,Beauty,Supplier B,1135,4,2023-07-31,Chennai,Ads,0
213,200,Electronics,Supplier A,2430,3,2023-08-01,Bangalore,Organic,0
214,212,Fashion,Supplier A,4240,1,2023-08-02,Bangalore,Organic,1
215,283,Electronics,Supplier B,4783,1,2023-08-03,Chennai,Ads,0
216,180,Electronics,Supplier D,3897,2,2023-08-04,Hyderabad,Referral,0
217,286,Electronics,Supplier D,3037,3,2023-08-05,Delhi,Email,0
218,212,Electronics,Supplier C,4283,2,2023-08-06,Chennai,Referral,0
219,101,Home,Supplier D,2661,1,2023-08-07,Chennai,Email,0
220,229,Home,Supplier A,3443,1,2023-08-08,Chennai,Referral,0
221,153,Electronics,Supplier A,3559,4,2023-08-09,Bangalore,Ads,0
222,186,Fashion,Supplier D,885,3,2023-08-10,Mumbai,Email,0
223,228,Beauty,Supplier A,2360,1,2023-08-11,Delhi,Email,0
224,246,Fashion,Supplier B,4188,4,2023-08-12,Hyderabad,Email,1
225,225,Fashion,Supplier B,4266,3,2023-08-13,Hyderabad,Organic,1
226,229,Fashion,Supplier D,1767,2,2023-08-14,Mumbai,Organic,0
227,152,Electronics,Supplier B,238,3,2023-08-15,Chennai,Referral,0
228,271,Home,Supplier B,2744,3,2023-08-16,Delhi,Ads,0
229,259,Fashion,Supplier C,1456,1,2023-08-17,Hyderabad,Organic,0
230,297,Electronics,Supplier C,3190,1,2023-08-18,Hyderabad,Email,0
231,259,Fashion,Supplier B,2396,3,2023-08-19,Chennai,Organic,0
232,167,Fashion,Supplier D,3668,1,2023-08-20,Mumbai,Ads,1
233,282,Electronics,Supplier C,2908,1,2023-08-21,Delhi,Organic,0
234,283,Home,Supplier A,501,1,2023-08-22,Mumbai,Email,0
235,222,Home,Supplier A,846,4,2023-08-23,Mumbai,Referral,0
236,244,Beauty,Supplier A,4958,4,2023-08-24,Delhi,Email,0
237,137,Electronics,Supplier D,1959,3,2023-08-25,Delhi,Ads,0
238,123,Beauty,Supplier B,4551,1,2023-08-26,Hyderabad,Referral,0
239,168,Beauty,Supplier A,797,4,2023-08-27,Hyderabad,Organic,0
240,215,Beauty,Supplier D,861,3,2023-08-28,Delhi,Organic,0
241,197,Home,Supplier C,4530,1,2023-08-29,Bangalore,Organic,0
242,297,Electronics,Supplier B,1568,2,2023-08-30,Hyderabad,Referral,0
243,238,Beauty,Supplier C,2781,1,2023-08-31,Bangalore,Email,0
244,243,Electronics,Supplier D,4068,1,2023-09-01,Delhi,Referral,0
245,196,Electronics,Supplier A,3737,4,2023-09-02,Hyderabad,Referral,0
246,223,Home,Supplier A,4508,3,2023-09-03,Mumbai,Ads,1
247,286,Beauty,Supplier D,4758,3,2023-09-04,Delhi,Referral,0
248,169,Beauty,Supplier A,482,4,2023-09-05,Chennai,Organic,0
249,192,Electronics,Supplier B,3878,1,2023-09-06,Bangalore,Email,0
250,102,Fashion,Supplier D,1686,2,2023-09-07,Delhi,Email,0
251,247,Home,Supplier C,4282,1,2023-09-08,Delhi,Email,0
252,286,Home,Supplier D,4383,1,2023-09-09,Hyderabad,Organic,0
253,263,Home,Supplier B,660,2,2023-09-10,Hyderabad,Organic,0
254,246,Home,Supplier B,2525,4,2023-09-11,Hyderabad,Organic,0
255,189,Beauty,Supplier D,3954,3,2023-09-12,Chennai,Organic,0
256,294,Beauty,Supplier D,2668,4,2023-09-13,Hyderabad,Organic,0
257,246,Fashion,Supplier A,1924,4,2023-09-14,Delhi,Referral,0
258,247,Home,Supplier B,1576,1,2023-09-15,Hyderabad,Organic,0
259,195,Home,Supplier D,2943,3,2023-09-16,Mumbai,Organic,0
260,298,Electronics,Supplier D,714,3,2023-09-17,Hyderabad,Organic,0
261,151,Beauty,Supplier B,902,4,2023-09-18,Chennai,Organic,0
262,260,Home,Supplier D,1853,2,2023-09-19,Mumbai,Email,0
263,267,Fashion,Supplier A,2266,4,2023-09-20,Delhi,Organic,0
264,227,Fashion,Supplier B,222,2,2023-09-21,Delhi,Referral,0
265,138,Beauty,Supplier A,2660,3,2023-09-22,Bangalore,Referral,0
266,181,Fashion,Supplier A,1504,4,2023-09-23,Mumbai,Referral,0
267,203,Fashion,Supplier A,3500,1,2023-09-24,Bangalore,Ads,1
268,228,Beauty,Supplier A,561,4,2023-09-25,Mumbai,Email,0
269,110,Home,Supplier B,3927,3,2023-09-26,Mumbai,Organic,0
270,284,Home,Supplier A,1484,1,2023-09-27,Chennai,Ads,0
271,277,Fashion,Supplier A,714,1,2023-09-28,Bangalore,Organic,0
272,250,Fashion,Supplier D,648,2,2023-09-29,Chennai,Ads,1
273,258,Home,Supplier B,2055,1,2023-09-30,Mumbai,Ads,0
274,141,Beauty,Supplier B,3762,1,2023-10-01,Delhi,Referral,0
275,198,Fashion,Supplier C,2720,4,2023-10-02,Mumbai,Referral,0
276,106,Electronics,Supplier B,3281,3,2023-10-03,Chennai,Ads,0
277,243,Beauty,Supplier B,1628,2,2023-10-04,Bangalore,Referral,0
278,189,Fashion,Supplier C,4167,4,2023-10-05,Bangalore,Ads,1
279,211,Fashion,Supplier B,1122,1,2023-10-06,Chennai,Email,0
280,159,Electronics,Supplier B,3337,1,2023-10-07,Bangalore,Referral,0
281,212,Electronics,Supplier B,2359,2,2023-10-08,Hyderabad,Referral,0
282,101,Home,Supplier B,2747,3,2023-10-09,Delhi,Referral,0
283,228,Beauty,Supplier C,3179,2,2023-10-10,Delhi,Email,0
284,147,Beauty,Supplier B,2481,4,2023-10-11,Delhi,Ads,0
285,239,Home,Supplier B,2849,2,2023-10-12,Bangalore,Organic,0
286,296,Beauty,Supplier C,513,1,2023-10-13,Bangalore,Referral,0
287,136,Beauty,Supplier D,2813,4,2023-10-14,Mumbai,Ads,0
288,259,Beauty,Supplier A,3283,1,2023-10-15,Mumbai,Email,0
289,108,Beauty,Supplier D,2456,3,2023-10-16,Delhi,Organic,0
290,198,Beauty,Supplier C,1237,1,2023-10-17,Hyderabad,Referral,0
291,246,Electronics,Supplier A,3689,1,2023-10-18,Mumbai,Email,0
292,147,Beauty,Supplier C,2834,2,2023-10-19,Mumbai,Email,0
293,230,Electronics,Supplier C,4183,1,2023-10-20,Bangalore,Organic,0
294,247,Beauty,Supplier B,1978,4,2023-10-21,Hyderabad,Ads,0
295,251,Home,Supplier A,4095,4,2023-10-22,Delhi,Referral,0
296,153,Fashion,Supplier B,1324,3,2023-10-23,Mumbai,Referral,0
297,219,Electronics,Supplier A,897,4,2023-10-24,Hyderabad,Ads,0
298,260,Beauty,Supplier C,2379,2,2023-10-25,Hyderabad,Ads,0
299,251,Home,Supplier C,1604,3,2023-10-26,Delhi,Ads,0
300,215,Fashion,Supplier D,1243,4,2023-10-27,Hyderabad,Organic,0
301,174,Electronics,Supplier A,2129,2,2023-10-28,Hyderabad,Organic,0
302,212,Fashion,Supplier B,1213,4,2023-10-29,Hyderabad,Referral,0
303,299,Home,Supplier D,426,4,2023-10-30,Mumbai,Organic,0
304,263,Electronics,Supplier D,2028,1,2023-10-31,Delhi,Email,0
305,265,Fashion,Supplier D,2223,4,2023-11-01,Hyderabad,Referral,0
306,203,Beauty,Supplier B,2652,4,2023-11-02,Hyderabad,Organic,0
307,183,Electronics,Supplier D,2285,2,2023-11-03,Mumbai,Ads,0
308,211,Fashion,Supplier B,4483,2,2023-11-04,Delhi,Email,1
309,198,Home,Supplier D,1280,1,2023-11-05,Bangalore,Ads,0
310,252,Home,Supplier B,2520,4,2023-11-06,Mumbai,Referral,0
311,192,Electronics,Supplier C,3390,1,2023-11-07,Delhi,Ads,1
312,245,Fashion,Supplier C,2830,4,2023-11-08,Hyderabad,Organic,0
313,227,Electronics,Supplier C,2763,3,2023-11-09,Delhi,Organic,0
314,209,Electronics,Supplier C,3492,3,2023-11-10,Delhi,Referral,0
315,181,Fashion,Supplier C,4821,1,2023-11-11,Delhi,Ads,1
316,293,Fashion,Supplier D,3786,1,2023-11-12,Bangalore,Referral,1
317,153,Beauty,Supplier D,4631,1,2023-11-13,Delhi,Ads,1
318,262,Fashion,Supplier D,3147,2,2023-11-14,Bangalore,Email,1
319,288,Home,Supplier B,4159,2,2023-11-15,Hyderabad,Organic,0
320,268,Electronics,Supplier B,3013,2,2023-11-16,Bangalore,Referral,0
321,260,Electronics,Supplier B,2783,1,2023-11-17,Hyderabad,Email,0
322,167,Home,Supplier B,361,4,2023-11-18,Hyderabad,Email,0
323,132,Fashion,Supplier C,793,3,2023-11-19,Bangalore,Referral,0
324,241,Home,Supplier C,3459,1,2023-11-20,Mumbai,Referral,0
325,120,Home,Supplier C,4355,2,2023-11-21,Chennai,Email,0
326,147,Beauty,Supplier A,3162,2,2023-11-22,Delhi,Ads,0
327,247,Home,Supplier D,4088,1,2023-11-23,Chennai,Email,0
328,227,Electronics,Supplier B,3590,1,2023-11-24,Delhi,Referral,0
329,235,Home,Supplier B,4701,2,2023-11-25,Delhi,Email,0
330,234,Electronics,Supplier C,863,4,2023-11-26,Hyderabad,Ads,0
331,294,Electronics,Supplier B,1332,2,2023-11-27,Delhi,Organic,0
332,244,Electronics,Supplier B,741,2,2023-11-28,Delhi,Organic,0
333,227,Fashion,Supplier D,3174,1,2023-11-29,Bangalore,Email,1
334,132,Beauty,Supplier C,1067,4,2023-11-30,Chennai,Ads,0
335,275,Electronics,Supplier D,2266,2,2023-12-01,Bangalore,Organic,0
336,286,Electronics,Supplier A,631,2,2023-12-02,Delhi,Email,0
337,214,Fashion,Supplier A,4478,3,2023-12-03,Hyderabad,Email,1
338,218,Electronics,Supplier A,1406,1,2023-12-04,Bangalore,Ads,0
339,121,Home,Supplier C,2728,3,2023-12-05,Bangalore,Referral,0
340,257,Home,Supplier B,1369,3,2023-12-06,Mumbai,Email,0
341,137,Beauty,Supplier C,1030,2,2023-12-07,Delhi,Referral,0
342,208,Electronics,Supplier C,1851,1,2023-12-08,Hyderabad,Referral,0
343,150,Fashion,Supplier B,1336,4,2023-12-09,Bangalore,Organic,0
344,281,Home,Supplier D,3010,2,2023-12-10,Bangalore,Referral,0
345,107,Fashion,Supplier A,675,4,2023-12-11,Hyderabad,Ads,1
346,126,Fashion,Supplier D,3010,4,2023-12-12,Delhi,Organic,1
347,126,Home,Supplier A,1526,1,2023-12-13,Mumbai,Organic,0
348,120,Fashion,Supplier C,1219,3,2023-12-14,Bangalore,Organic,0
349,129,Home,Supplier A,2036,1,2023-12-15,Mumbai,Email,0
350,196,Fashion,Supplier C,4456,4,2023-12-16,Chennai,Email,1
351,127,Home,Supplier D,2648,2,2023-12-17,Delhi,Referral,0
352,210,Electronics,Supplier C,4493,4,2023-12-18,Chennai,Organic,0
353,291,Beauty,Supplier D,1483,2,2023-12-19,Chennai,Organic,0
354,296,Home,Supplier B,859,2,2023-12-20,Chennai,Ads,0
355,160,Home,Supplier B,2210,1,2023-12-21,Delhi,Referral,0
356,147,Beauty,Supplier B,598,4,2023-12-22,Delhi,Ads,0
357,246,Home,Supplier C,1933,3,2023-12-23,Hyderabad,Referral,0
358,103,Home,Supplier B,2325,4,2023-12-24,Mumbai,Referral,0
359,134,Fashion,Supplier A,2371,4,2023-12-25,Mumbai,Email,0
360,291,Beauty,Supplier D,274,3,2023-12-26,Hyderabad,Email,0
361,148,Electronics,Supplier D,4897,1,2023-12-27,Hyderabad,Ads,1
362,116,Home,Supplier A,3671,4,2023-12-28,Chennai,Referral,0
363,271,Beauty,Supplier C,1036,4,2023-12-29,Hyderabad,Organic,0
364,257,Fashion,Supplier C,699,2,2023-12-30,Bangalore,Email,0
365,145,Electronics,Supplier D,337,4,2023-12-31,Mumbai,Organic,0
366,216,Beauty,Supplier B,2297,3,2024-01-01,Hyderabad,Ads,0
367,105,Electronics,Supplier C,3896,2,2024-01-02,Bangalore,Email,0
368,198,Electronics,Supplier C,2085,1,2024-01-03,Bangalore,Email,0
369,223,Electronics,Supplier A,2957,2,2024-01-04,Bangalore,Referral,0
370,136,Home,Supplier A,4120,3,2024-01-05,Bangalore,Ads,1
371,123,Home,Supplier B,2100,3,2024-01-06,Chennai,Referral,0
372,192,Fashion,Supplier C,2810,2,2024-01-07,Bangalore,Email,0
373,145,Fashion,Supplier C,4186,1,2024-01-08,Chennai,Ads,1
374,280,Beauty,Supplier A,1649,2,2024-01-09,Chennai,Email,0
375,194,Fashion,Supplier C,746,1,2024-01-10,Bangalore,Ads,1
376,198,Electronics,Supplier D,4876,2,2024-01-11,Mumbai,Email,0
377,287,Electronics,Supplier A,2203,3,2024-01-12,Bangalore,Organic,0
378,215,Home,Supplier B,2296,4,2024-01-13,Bangalore,Organic,0
379,290,Electronics,Supplier A,903,4,2024-01-14,Bangalore,Referral,0
380,259,Beauty,Supplier C,2603,1,2024-01-15,Mumbai,Organic,0
381,260,Electronics,Supplier B,1825,1,2024-01-16,Delhi,Email,0
382,166,Electronics,Supplier A,3531,1,2024-01-17,Delhi,Email,0
383,227,Beauty,Supplier D,4933,3,2024-01-18,Chennai,Organic,0
384,117,Fashion,Supplier D,3178,2,2024-01-19,Chennai,Referral,1
385,124,Fashion,Supplier A,4936,3,2024-01-20,Mumbai,Organic,1
386,153,Beauty,Supplier D,3039,4,2024-01-21,Hyderabad,Ads,1
387,157,Home,Supplier D,3584,1,2024-01-22,Delhi,Ads,1
388,166,Electronics,Supplier D,2859,2,2024-01-23,Chennai,Ads,0
389,203,Beauty,Supplier B,2061,4,2024-01-24,Delhi,Organic,0
390,273,Electronics,Supplier D,3056,4,2024-01-25,Mumbai,Organic,0
391,123,Home,Supplier D,885,4,2024-01-26,Mumbai,Organic,0
392,213,Electronics,Supplier D,4483,3,2024-01-27,Hyderabad,Ads,0
393,131,Beauty,Supplier B,1819,1,2024-01-28,Hyderabad,Referral,0
394,274,Electronics,Supplier A,4843,4,2024-01-29,Mumbai,Email,0
395,185,Fashion,Supplier C,1631,1,2024-01-30,Chennai,Organic,0
396,250,Home,Supplier D,1075,3,2024-01-31,Delhi,Referral,0
397,293,Home,Supplier A,4913,4,2024-02-01,Bangalore,Email,0
398,226,Home,Supplier D,2661,3,2024-02-02,Hyderabad,Email,0
399,254,Beauty,Supplier B,1565,3,2024-02-03,Bangalore,Email,0
400,229,Home,Supplier A,1443,1,2024-02-04,Chennai,Referral,0
401,116,Fashion,Supplier B,362,4,2024-02-05,Hyderabad,Referral,0
402,203,Beauty,Supplier D,2174,3,2024-02-06,Bangalore,Ads,0
403,260,Fashion,Supplier D,3491,4,2024-02-07,Chennai,Referral,1
404,236,Electronics,Supplier B,469,1,2024-02-08,Delhi,Referral,0
405,142,Electronics,Supplier C,831,3,2024-02-09,Chennai,Referral,0
406,275,Electronics,Supplier B,1105,1,2024-02-10,Hyderabad,Email,0
407,138,Electronics,Supplier D,3671,4,2024-02-11,Mumbai,Organic,0
408,269,Fashion,Supplier B,3453,4,2024-02-12,Delhi,Ads,1
409,125,Beauty,Supplier C,2214,1,2024-02-13,Bangalore,Organic,0
410,198,Beauty,Supplier B,1841,2,2024-02-14,Hyderabad,Organic,0
411,149,Home,Supplier C,404,3,2024-02-15,Mumbai,Referral,0
412,252,Fashion,Supplier C,781,4,2024-02-16,Chennai,Ads,1
413,251,Electronics,Supplier B,1040,4,2024-02-17,Mumbai,Organic,0
414,112,Fashion,Supplier B,1919,3,2024-02-18,Hyderabad,Organic,0
415,159,Home,Supplier A,2843,1,2024-02-19,Hyderabad,Ads,0
416,234,Home,Supplier D,2497,1,2024-02-20,Mumbai,Referral,0
417,156,Fashion,Supplier C,1074,1,2024-02-21,Chennai,Organic,0
418,135,Fashion,Supplier A,889,2,2024-02-22,Mumbai,Email,0
419,272,Fashion,Supplier B,4200,2,2024-02-23,Hyderabad,Organic,1
420,119,Beauty,Supplier D,3341,4,2024-02-24,Hyderabad,Email,0
421,164,Electronics,Supplier A,1622,1,2024-02-25,Bangalore,Referral,0
422,107,Fashion,Supplier C,871,3,2024-02-26,Bangalore,Organic,0
423,243,Fashion,Supplier A,1371,4,2024-02-27,Delhi,Ads,1
424,241,Fashion,Supplier C,3926,3,2024-02-28,Hyderabad,Ads,1
425,214,Home,Supplier B,1143,4,2024-02-29,Bangalore,Organic,0
426,242,Home,Supplier D,1649,2,2024-03-01,Mumbai,Referral,0
427,191,Beauty,Supplier D,3937,4,2024-03-02,Chennai,Referral,0
428,197,Electronics,Supplier D,2739,2,2024-03-03,Mumbai,Ads,0
429,165,Beauty,Supplier B,4159,4,2024-03-04,Chennai,Organic,0
430,131,Electronics,Supplier C,4460,1,2024-03-05,Bangalore,Referral,0
431,290,Home,Supplier B,2561,3,2024-03-06,Delhi,Ads,0
432,185,Home,Supplier D,3852,1,2024-03-07,Mumbai,Email,0
433,150,Home,Supplier B,3870,4,2024-03-08,Mumbai,Organic,0
434,252,Beauty,Supplier B,1953,4,2024-03-09,Mumbai,Email,0
435,285,Fashion,Supplier B,2552,4,2024-03-10,Chennai,Email,0
436,162,Fashion,Supplier C,2138,2,2024-03-11,Bangalore,Referral,0
437,289,Home,Supplier A,570,3,2024-03-12,Mumbai,Referral,0
438,224,Fashion,Supplier A,4679,3,2024-03-13,Mumbai,Referral,1
439,249,Fashion,Supplier B,2131,4,2024-03-14,Delhi,Organic,0
440,157,Beauty,Supplier A,624,4,2024-03-15,Delhi,Email,0
441,157,Electronics,Supplier A,4924,2,2024-03-16,Bangalore,Organic,0
442,185,Home,Supplier B,1094,1,2024-03-17,Bangalore,Referral,0
443,148,Home,Supplier B,797,1,2024-03-18,Hyderabad,Email,0
444,279,Beauty,Supplier D,3262,3,2024-03-19,Delhi,Organic,0
445,269,Beauty,Supplier A,2536,2,2024-03-20,Hyderabad,Organic,0
446,169,Fashion,Supplier C,4888,4,2024-03-21,Chennai,Ads,1
447,114,Home,Supplier B,1887,3,2024-03-22,Hyderabad,Organic,0
448,153,Electronics,Supplier D,772,2,2024-03-23,Mumbai,Referral,0
449,287,Beauty,Supplier C,2290,1,2024-03-24,Hyderabad,Organic,0
450,200,Electronics,Supplier A,3869,2,2024-03-25,Bangalore,Email,0
451,107,Electronics,Supplier D,4472,1,2024-03-26,Chennai,Organic,0
452,152,Home,Supplier B,4824,2,2024-03-27,Mumbai,Ads,1
453,159,Home,Supplier C,1833,3,2024-03-28,Hyderabad,Email,0
454,207,Beauty,Supplier B,1717,1,2024-03-29,Chennai,Email,0
455,104,Home,Supplier A,4493,3,2024-03-30,Chennai,Ads,0
456,202,Home,Supplier C,2857,3,2024-03-31,Mumbai,Referral,0
457,295,Home,Supplier A,3848,1,2024-04-01,Hyderabad,Email,0
458,105,Electronics,Supplier A,3788,1,2024-04-02,Chennai,Referral,0
459,208,Beauty,Supplier D,1737,4,2024-04-03,Chennai,Email,0
460,215,Fashion,Supplier B,3337,4,2024-04-04,Delhi,Email,1
461,193,Electronics,Supplier C,297,4,2024-04-05,Chennai,Referral,0
462,146,Home,Supplier A,3415,3,2024-04-06,Delhi,Email,0
463,198,Electronics,Supplier A,4730,3,2024-04-07,Hyderabad,Referral,0
464,154,Home,Supplier C,4932,4,2024-04-08,Hyderabad,Ads,0
465,267,Home,Supplier A,3950,3,2024-04-09,Hyderabad,Referral,0
466,151,Electronics,Supplier D,3357,3,2024-04-10,Bangalore,Ads,0
467,243,Beauty,Supplier D,4883,1,2024-04-11,Hyderabad,Email,0
468,112,Home,Supplier D,543,1,2024-04-12,Chennai,Referral,0
469,213,Beauty,Supplier D,4866,3,2024-04-13,Mumbai,Email,0
470,223,Fashion,Supplier A,810,4,2024-04-14,Delhi,Referral,0
471,205,Home,Supplier C,1927,2,2024-04-15,Bangalore,Ads,0
472,257,Beauty,Supplier C,2490,4,2024-04-16,Hyderabad,Ads,0
473,246,Beauty,Supplier C,2054,2,2024-04-17,Hyderabad,Referral,0
474,244,Fashion,Supplier C,2808,4,2024-04-18,Mumbai,Ads,1
475,219,Beauty,Supplier B,2279,1,2024-04-19,Mumbai,Email,0
476,162,Beauty,Supplier C,2524,3,2024-04-20,Bangalore,Email,0
477,118,Fashion,Supplier B,4827,3,2024-04-21,Delhi,Organic,1
478,191,Home,Supplier B,1377,1,2024-04-22,Hyderabad,Ads,0
479,157,Beauty,Supplier D,1291,2,2024-04-23,Bangalore,Email,0
480,282,Beauty,Supplier B,2991,2,2024-04-24,Chennai,Referral,0
481,189,Beauty,Supplier A,1949,2,2024-04-25,Chennai,Ads,0
482,216,Electronics,Supplier B,2875,1,2024-04-26,Bangalore,Email,0
483,161,Fashion,Supplier D,981,2,2024-04-27,Hyderabad,Ads,1
484,122,Electronics,Supplier B,3248,1,2024-04-28,Bangalore,Referral,0
485,226,Fashion,Supplier A,2305,4,2024-04-29,Hyderabad,Email,0
486,236,Home,Supplier A,4067,4,2024-04-30,Mumbai,Organic,0
487,239,Home,Supplier A,4742,1,2024-05-01,Bangalore,Organic,0
488,228,Beauty,Supplier D,2313,3,2024-05-02,Hyderabad,Ads,0
489,157,Fashion,Supplier D,4170,4,2024-05-03,Bangalore,Referral,1
490,221,Home,Supplier C,2191,2,2024-05-04,Bangalore,Email,0
491,100,Fashion,Supplier D,1267,1,2024-05-05,Hyderabad,Referral,0
492,133,Home,Supplier A,1777,2,2024-05-06,Hyderabad,Email,0
493,195,Electronics,Supplier A,1211,2,2024-05-07,Delhi,Ads,0
494,225,Home,Supplier D,2474,3,2024-05-08,Bangalore,Email,0
495,217,Electronics,Supplier B,2014,2,2024-05-09,Chennai,Referral,0
496,147,Home,Supplier D,2626,3,2024-05-10,Bangalore,Referral,0
497,188,Beauty,Supplier D,4602,4,2024-05-11,Bangalore,Ads,1
498,216,Electronics,Supplier A,2751,1,2024-05-12,Hyderabad,Referral,0
499,228,Home,Supplier C,3857,2,2024-05-13,Bangalore,Email,0
500,115,Beauty,Supplier A,207,1,2024-05-14,Bangalore,Ads,0
501,288,Electronics,Supplier C,2755,2,2024-05-15,Chennai,Email,0
502,291,Beauty,Supplier A,675,1,2024-05-16,Hyderabad,Referral,0
503,290,Fashion,Supplier D,2411,2,2024-05-17,Bangalore,Ads,1
504,168,Fashion,Supplier A,684,2,2024-05-18,Mumbai,Email,0
505,121,Electronics,Supplier A,4854,2,2024-05-19,Delhi,Referral,0
506,192,Home,Supplier A,2485,2,2024-05-20,Chennai,Referral,0
507,294,Electronics,Supplier D,4763,2,2024-05-21,Bangalore,Organic,0
508,175,Beauty,Supplier D,3725,2,2024-05-22,Mumbai,Referral,0
509,253,Home,Supplier D,3539,2,2024-05-23,Bangalore,Email,0
510,243,Fashion,Supplier D,3022,2,2024-05-24,Bangalore,Ads,1
511,278,Home,Supplier C,3124,2,2024-05-25,Hyderabad,Organic,0
512,185,Fashion,Supplier C,458,1,2024-05-26,Hyderabad,Referral,0
513,284,Home,Supplier B,482,3,2024-05-27,Hyderabad,Referral,0
514,128,Home,Supplier D,2098,2,2024-05-28,Mumbai,Referral,0
515,168,Home,Supplier C,4335,3,2024-05-29,Bangalore,Email,0
516,146,Beauty,Supplier A,3176,2,2024-05-30,Delhi,Organic,0
517,193,Beauty,Supplier D,2467,2,2024-05-31,Chennai,Email,0
518,289,Electronics,Supplier B,3400,1,2024-06-01,Hyderabad,Organic,0
519,296,Electronics,Supplier B,812,4,2024-06-02,Hyderabad,Ads,0
520,243,Fashion,Supplier B,887,4,2024-06-03,Bangalore,Email,0
521,275,Beauty,Supplier A,3890,1,2024-06-04,Bangalore,Email,0
522,184,Fashion,Supplier C,812,3,2024-06-05,Mumbai,Ads,1
523,138,Electronics,Supplier A,2507,4,2024-06-06,Mumbai,Organic,0
524,199,Fashion,Supplier D,3213,1,2024-06-07,Hyderabad,Referral,1
525,132,Electronics,Supplier B,1981,1,2024-06-08,Bangalore,Ads,0
526,200,Beauty,Supplier A,2791,4,2024-06-09,Delhi,Referral,0
527,122,Home,Supplier A,2896,3,2024-06-10,Chennai,Referral,0
528,109,Beauty,Supplier C,4158,1,2024-06-11,Bangalore,Ads,1
529,168,Fashion,Supplier C,774,2,2024-06-12,Bangalore,Organic,0
530,199,Fashion,Supplier B,2110,3,2024-06-13,Mumbai,Referral,0
531,133,Beauty,Supplier A,3804,3,2024-06-14,Chennai,Ads,1
532,279,Beauty,Supplier A,869,4,2024-06-15,Hyderabad,Email,0
533,237,Electronics,Supplier C,4564,4,2024-06-16,Bangalore,Email,0
534,246,Fashion,Supplier A,1483,2,2024-06-17,Hyderabad,Email,0
535,285,Fashion,Supplier A,1123,1,2024-06-18,Bangalore,Ads,1
536,195,Beauty,Supplier A,1325,4,2024-06-19,Hyderabad,Email,0
537,100,Home,Supplier C,1729,4,2024-06-20,Chennai,Referral,0
538,168,Fashion,Supplier B,1794,3,2024-06-21,Mumbai,Email,0
539,103,Home,Supplier D,446,4,2024-06-22,Chennai,Email,0
540,115,Beauty,Supplier B,3911,4,2024-06-23,Delhi,Referral,0
541,123,Beauty,Supplier D,1760,4,2024-06-24,Mumbai,Email,0
542,179,Electronics,Supplier A,2600,4,2024-06-25,Chennai,Referral,0
543,101,Fashion,Supplier B,2443,3,2024-06-26,Delhi,Email,0
544,227,Home,Supplier D,4064,2,2024-06-27,Bangalore,Referral,0
545,259,Electronics,Supplier C,2139,2,2024-06-28,Bangalore,Email,0
546,183,Fashion,Supplier C,3269,1,2024-06-29,Hyderabad,Referral,1
547,251,Electronics,Supplier B,426,4,2024-06-30,Mumbai,Ads,0
548,239,Beauty,Supplier B,3747,3,2024-07-01,Bangalore,Referral,0
549,277,Fashion,Supplier A,464,1,2024-07-02,Mumbai,Email,0
550,262,Electronics,Supplier B,1595,1,2024-07-03,Bangalore,Email,0
551,223,Electronics,Supplier A,3757,2,2024-07-04,Hyderabad,Organic,0
552,132,Home,Supplier A,845,3,2024-07-05,Chennai,Referral,0
553,260,Electronics,Supplier C,3190,3,2024-07-06,Hyderabad,Ads,0
554,288,Fashion,Supplier C,2099,3,2024-07-07,Delhi,Referral,0
555,278,Fashion,Supplier D,2704,2,2024-07-08,Bangalore,Referral,0
556,270,Home,Supplier C,2972,2,2024-07-09,Delhi,Ads,0
557,200,Fashion,Supplier C,1354,2,2024-07-10,Delhi,Referral,0
558,111,Beauty,Supplier B,787,2,2024-07-11,Mumbai,Ads,0
559,166,Fashion,Supplier C,4771,2,2024-07-12,Bangalore,Ads,1
560,164,Fashion,Supplier D,2021,4,2024-07-13,Delhi,Referral,0
561,260,Electronics,Supplier B,1185,4,2024-07-14,Chennai,Referral,0
562,267,Electronics,Supplier D,4279,3,2024-07-15,Delhi,Email,0
563,173,Fashion,Supplier C,3548,1,2024-07-16,Chennai,Email,1
564,142,Home,Supplier D,4031,3,2024-07-17,Mumbai,Organic,0
565,143,Electronics,Supplier B,1441,1,2024-07-18,Delhi,Organic,0
566,128,Home,Supplier A,389,2,2024-07-19,Hyderabad,Referral,0
567,240,Fashion,Supplier D,1180,1,2024-07-20,Mumbai,Ads,1
568,111,Fashion,Supplier D,1898,3,2024-07-21,Chennai,Organic,0
569,194,Beauty,Supplier B,1915,3,2024-07-22,Mumbai,Referral,0
570,145,Electronics,Supplier B,2793,1,2024-07-23,Delhi,Organic,0
571,229,Fashion,Supplier D,4336,4,2024-07-24,Bangalore,Ads,1
572,134,Beauty,Supplier C,4633,2,2024-07-25,Bangalore,Referral,0
573,180,Electronics,Supplier D,1298,2,2024-07-26,Chennai,Ads,0
574,189,Fashion,Supplier B,2526,3,2024-07-27,Chennai,Referral,0
575,107,Fashion,Supplier A,3447,4,2024-07-28,Bangalore,Organic,1
576,192,Electronics,Supplier A,1095,1,2024-07-29,Chennai,Email,0
577,253,Electronics,Supplier C,1874,2,2024-07-30,Mumbai,Organic,0
578,189,Electronics,Supplier D,3109,4,2024-07-31,Hyderabad,Organic,0
579,261,Fashion,Supplier A,1130,2,2024-08-01,Hyderabad,Email,0
580,214,Fashion,Supplier D,4584,4,2024-08-02,Mumbai,Email,1
581,204,Beauty,Supplier B,923,4,2024-08-03,Hyderabad,Referral,0
582,234,Home,Supplier A,3140,3,2024-08-04,Delhi,Referral,0
583,295,Electronics,Supplier C,1289,2,2024-08-05,Mumbai,Ads,0
584,157,Fashion,Supplier B,4778,1,2024-08-06,Chennai,Ads,1
585,213,Fashion,Supplier C,1135,3,2024-08-07,Mumbai,Organic,0
586,174,Electronics,Supplier B,2495,3,2024-08-08,Bangalore,Email,0
587,256,Home,Supplier A,355,1,2024-08-09,Chennai,Ads,0
588,219,Electronics,Supplier C,1270,3,2024-08-10,Bangalore,Organic,0
589,263,Home,Supplier C,2158,4,2024-08-11,Chennai,Email,0
590,120,Fashion,Supplier B,2701,4,2024-08-12,Hyderabad,Referral,0
591,263,Home,Supplier C,4419,2,2024-08-13,Mumbai,Organic,0
592,237,Beauty,Supplier B,4030,2,2024-08-14,Delhi,Referral,0
593,200,Fashion,Supplier B,1054,1,2024-08-15,Chennai,Ads,1
594,251,Beauty,Supplier B,839,2,2024-08-16,Chennai,Ads,0
595,291,Electronics,Supplier B,2438,4,2024-08-17,Bangalore,Email,0
596,276,Electronics,Supplier A,1802,1,2024-08-18,Hyderabad,Organic,0
597,198,Electronics,Supplier B,641,1,2024-08-19,Bangalore,Referral,0
598,135,Home,Supplier D,4828,2,2024-08-20,Bangalore,Email,0
599,195,Fashion,Supplier C,1536,4,2024-08-21,Hyderabad,Ads,1
600,251,Electronics,Supplier D,3900,1,2024-08-22,Delhi,Ads,1
601,250,Electronics,Supplier A,1148,4,2024-08-23,Bangalore,Organic,0
602,289,Fashion,Supplier D,3573,4,2024-08-24,Bangalore,Referral,1
603,136,Electronics,Supplier C,659,4,2024-08-25,Chennai,Organic,0
604,111,Beauty,Supplier D,4846,2,2024-08-26,Hyderabad,Referral,0
605,212,Fashion,Supplier A,592,3,2024-08-27,Mumbai,Referral,0
606,282,Fashion,Supplier B,4138,3,2024-08-28,Delhi,Organic,1
607,112,Fashion,Supplier D,1987,1,2024-08-29,Delhi,Email,0
608,122,Beauty,Supplier A,2457,4,2024-08-30,Hyderabad,Organic,0
609,198,Fashion,Supplier A,1338,2,2024-08-31,Chennai,Organic,0
610,204,Beauty,Supplier C,4008,4,2024-09-01,Chennai,Ads,0
611,129,Fashion,Supplier C,4941,4,2024-09-02,Hyderabad,Ads,1
612,116,Home,Supplier D,2654,2,2024-09-03,Chennai,Organic,0
613,212,Electronics,Supplier B,1666,3,2024-09-04,Delhi,Organic,0
614,161,Home,Supplier A,3874,4,2024-09-05,Delhi,Ads,0
615,183,Electronics,Supplier D,1577,4,2024-09-06,Mumbai,Referral,0
616,211,Beauty,Supplier A,2797,3,2024-09-07,Hyderabad,Organic,0
617,185,Home,Supplier A,341,2,2024-09-08,Bangalore,Email,0
618,240,Fashion,Supplier B,2859,1,2024-09-09,Bangalore,Email,0
619,286,Electronics,Supplier B,4796,3,2024-09-10,Mumbai,Email,0
620,118,Electronics,Supplier D,1039,1,2024-09-11,Mumbai,Organic,0
621,276,Home,Supplier B,3818,1,2024-09-12,Chennai,Referral,0
622,199,Beauty,Supplier B,4117,3,2024-09-13,Mumbai,Referral,0
623,239,Home,Supplier D,795,4,2024-09-14,Mumbai,Ads,0
624,288,Beauty,Supplier B,2104,1,2024-09-15,Bangalore,Organic,0
625,246,Beauty,Supplier C,480,1,2024-09-16,Chennai,Referral,0
626,175,Electronics,Supplier A,623,2,2024-09-17,Mumbai,Organic,0
627,108,Home,Supplier A,4565,4,2024-09-18,Mumbai,Ads,1
628,298,Home,Supplier A,4449,1,2024-09-19,Chennai,Ads,1
629,127,Beauty,Supplier A,1950,2,2024-09-20,Hyderabad,Ads,0
630,227,Home,Supplier D,4957,4,2024-09-21,Chennai,Email,0
631,151,Fashion,Supplier A,2167,3,2024-09-22,Bangalore,Organic,0
632,182,Fashion,Supplier A,4288,3,2024-09-23,Hyderabad,Ads,1
633,210,Home,Supplier A,4378,2,2024-09-24,Delhi,Organic,0
634,243,Home,Supplier A,3146,3,2024-09-25,Chennai,Email,0
635,216,Beauty,Supplier C,1649,1,2024-09-26,Bangalore,Email,0
636,168,Fashion,Supplier A,2531,4,2024-09-27,Hyderabad,Ads,1
637,198,Fashion,Supplier C,2420,1,2024-09-28,Chennai,Ads,1
638,239,Electronics,Supplier D,3989,1,2024-09-29,Mumbai,Referral,0
639,124,Beauty,Supplier B,3010,3,2024-09-30,Chennai,Organic,0
640,279,Electronics,Supplier A,4928,1,2024-10-01,Delhi,Ads,1
641,222,Fashion,Supplier B,1731,3,2024-10-02,Chennai,Referral,0
642,152,Beauty,Supplier B,3190,4,2024-10-03,Hyderabad,Organic,0
643,250,Home,Supplier D,4693,4,2024-10-04,Hyderabad,Ads,1
644,243,Beauty,Supplier B,1343,1,2024-10-05,Chennai,Referral,0
645,156,Home,Supplier C,1133,2,2024-10-06,Hyderabad,Referral,0
646,138,Home,Supplier B,1660,3,2024-10-07,Mumbai,Organic,0
647,208,Beauty,Supplier B,2923,3,2024-10-08,Chennai,Referral,0
648,280,Home,Supplier B,2712,1,2024-10-09,Mumbai,Organic,0
649,141,Electronics,Supplier A,485,3,2024-10-10,Mumbai,Organic,0
650,285,Fashion,Supplier A,464,3,2024-10-11,Bangalore,Organic,0
651,266,Home,Supplier C,2567,2,2024-10-12,Chennai,Email,0
652,241,Electronics,Supplier C,3647,2,2024-10-13,Hyderabad,Referral,0
653,221,Home,Supplier A,1962,1,2024-10-14,Mumbai,Organic,0
654,232,Fashion,Supplier C,3248,2,2024-10-15,Bangalore,Ads,1
655,262,Electronics,Supplier A,2581,1,2024-10-16,Chennai,Email,0
656,174,Fashion,Supplier D,2469,4,2024-10-17,Chennai,Email,0
657,245,Fashion,Supplier B,240,1,2024-10-18,Delhi,Referral,0
658,175,Electronics,Supplier B,267,4,2024-10-19,Delhi,Organic,0
659,108,Electronics,Supplier C,1187,1,2024-10-20,Mumbai,Referral,0
660,173,Electronics,Supplier A,4208,3,2024-10-21,Delhi,Email,0
661,285,Beauty,Supplier A,3398,2,2024-10-22,Mumbai,Organic,0
662,244,Electronics,Supplier C,4990,4,2024-10-23,Hyderabad,Ads,1
663,106,Electronics,Supplier A,2724,1,2024-10-24,Mumbai,Organic,0
664,273,Electronics,Supplier D,1285,2,2024-10-25,Delhi,Email,0
665,240,Electronics,Supplier B,2679,1,2024-10-26,Hyderabad,Ads,0
666,267,Home,Supplier C,1893,2,2024-10-27,Delhi,Organic,0
667,269,Beauty,Supplier C,2515,2,2024-10-28,Mumbai,Ads,0
668,236,Fashion,Supplier A,978,1,2024-10-29,Bangalore,Ads,1
669,277,Electronics,Supplier C,4789,4,2024-10-30,Chennai,Email,0
670,126,Home,Supplier D,1785,4,2024-10-31,Delhi,Ads,0
671,221,Home,Supplier A,1692,3,2024-11-01,Mumbai,Referral,0
672,293,Home,Supplier A,860,2,2024-11-02,Hyderabad,Email,0
673,104,Fashion,Supplier A,1548,3,2024-11-03,Delhi,Referral,0
674,128,Electronics,Supplier A,1499,3,2024-11-04,Delhi,Ads,0
675,264,Beauty,Supplier D,4140,1,2024-11-05,Chennai,Referral,0
676,265,Beauty,Supplier A,2186,1,2024-11-06,Mumbai,Organic,0
677,182,Home,Supplier C,2244,1,2024-11-07,Bangalore,Ads,0
678,235,Fashion,Supplier D,3716,2,2024-11-08,Hyderabad,Organic,1
679,208,Fashion,Supplier B,1258,1,2024-11-09,Mumbai,Referral,0
680,164,Fashion,Supplier B,1176,1,2024-11-10,Hyderabad,Organic,0
681,185,Beauty,Supplier C,4777,2,2024-11-11,Delhi,Ads,1
682,244,Home,Supplier C,927,2,2024-11-12,Chennai,Organic,0
683,170,Electronics,Supplier D,2727,4,2024-11-13,Chennai,Referral,0
684,144,Beauty,Supplier B,3336,1,2024-11-14,Bangalore,Referral,0
685,231,Home,Supplier B,542,1,2024-11-15,Chennai,Referral,0
686,135,Home,Supplier B,1647,1,2024-11-16,Delhi,Ads,0
687,169,Electronics,Supplier B,2579,4,2024-11-17,Bangalore,Referral,0
688,258,Electronics,Supplier B,3859,1,2024-11-18,Mumbai,Ads,0
689,118,Electronics,Supplier A,726,4,2024-11-19,Chennai,Organic,0
690,288,Fashion,Supplier C,2096,3,2024-11-20,Bangalore,Referral,0
691,207,Electronics,Supplier A,4954,4,2024-11-21,Delhi,Organic,0
692,281,Home,Supplier B,2273,3,2024-11-22,Hyderabad,Email,0
693,266,Electronics,Supplier D,605,1,2024-11-23,Hyderabad,Organic,0
694,190,Home,Supplier D,1773,3,2024-11-24,Delhi,Email,0
695,189,Beauty,Supplier B,4800,4,2024-11-25,Delhi,Organic,0
696,118,Fashion,Supplier B,3940,2,2024-11-26,Hyderabad,Ads,1
697,138,Beauty,Supplier D,4474,3,2024-11-27,Bangalore,Organic,0
698,225,Beauty,Supplier A,4427,3,2024-11-28,Hyderabad,Ads,0
699,294,Home,Supplier A,2046,1,2024-11-29,Delhi,Ads,0
700,272,Beauty,Supplier B,1678,4,2024-11-30,Chennai,Referral,0
701,240,Home,Supplier A,2595,3,2024-12-01,Mumbai,Ads,0
702,225,Electronics,Supplier D,971,3,2024-12-02,Chennai,Email,0
703,157,Electronics,Supplier A,778,3,2024-12-03,Chennai,Referral,0
704,247,Home,Supplier B,3101,3,2024-12-04,Delhi,Referral,0
705,299,Electronics,Supplier D,393,2,2024-12-05,Hyderabad,Organic,0
706,160,Fashion,Supplier A,2207,4,2024-12-06,Bangalore,Ads,1
707,226,Beauty,Supplier C,1385,1,2024-12-07,Chennai,Ads,0
708,204,Fashion,Supplier D,2594,1,2024-12-08,Hyderabad,Email,0
709,266,Beauty,Supplier D,3198,2,2024-12-09,Bangalore,Organic,0
710,100,Electronics,Supplier C,1992,4,2024-12-10,Chennai,Organic,0
711,230,Fashion,Supplier C,1310,3,2024-12-11,Bangalore,Referral,0
712,191,Electronics,Supplier D,4205,2,2024-12-12,Hyderabad,Referral,0
713,289,Beauty,Supplier C,2461,4,2024-12-13,Mumbai,Referral,0
714,290,Home,Supplier B,3936,3,2024-12-14,Hyderabad,Email,0
715,212,Home,Supplier B,3993,2,2024-12-15,Delhi,Email,0
716,252,Fashion,Supplier B,2136,4,2024-12-16,Bangalore,Referral,0
717,155,Electronics,Supplier D,4557,1,2024-12-17,Mumbai,Organic,0
718,260,Electronics,Supplier C,929,1,2024-12-18,Bangalore,Email,0
719,265,Fashion,Supplier C,4578,4,2024-12-19,Bangalore,Organic,1
720,216,Home,Supplier A,3651,1,2024-12-20,Chennai,Organic,0
721,233,Beauty,Supplier A,4657,4,2024-12-21,Delhi,Ads,0
722,157,Fashion,Supplier C,4736,3,2024-12-22,Bangalore,Referral,1
723,143,Beauty,Supplier C,2340,4,2024-12-23,Hyderabad,Ads,0
724,272,Home,Supplier C,1844,3,2024-12-24,Hyderabad,Referral,0
725,259,Electronics,Supplier D,3000,2,2024-12-25,Chennai,Referral,0
726,272,Home,Supplier C,341,4,2024-12-26,Delhi,Organic,0
727,160,Fashion,Supplier A,1655,2,2024-12-27,Delhi,Referral,0
728,146,Electronics,Supplier D,4996,1,2024-12-28,Hyderabad,Organic,0
729,248,Fashion,Supplier C,2296,3,2024-12-29,Mumbai,Organic,0
730,179,Fashion,Supplier A,1525,4,2024-12-30,Chennai,Referral,0
731,217,Home,Supplier D,1413,2,2024-12-31,Chennai,Organic,0
732,263,Fashion,Supplier C,1359,3,2025-01-01,Hyderabad,Organic,0
733,246,Home,Supplier C,4850,3,2025-01-02,Hyderabad,Organic,0
734,119,Electronics,Supplier C,4699,1,2025-01-03,Mumbai,Email,0
735,284,Home,Supplier D,4897,1,2025-01-04,Mumbai,Organic,0
736,245,Electronics,Supplier A,540,3,2025-01-05,Delhi,Email,0
737,146,Home,Supplier A,4028,3,2025-01-06,Chennai,Email,0
738,148,Beauty,Supplier B,2168,4,2025-01-07,Chennai,Organic,0
739,113,Beauty,Supplier C,903,3,2025-01-08,Hyderabad,Organic,0
740,242,Fashion,Supplier B,4613,4,2025-01-09,Delhi,Email,1
741,258,Home,Supplier B,2629,3,2025-01-10,Chennai,Email,0
742,100,Home,Supplier A,2000,1,2025-01-11,Delhi,Organic,0
743,216,Electronics,Supplier D,4848,4,2025-01-12,Delhi,Organic,0
744,153,Fashion,Supplier D,1055,2,2025-01-13,Hyderabad,Referral,0
745,217,Home,Supplier A,2012,1,2025-01-14,Delhi,Email,0
746,102,Fashion,Supplier D,3066,4,2025-01-15,Mumbai,Email,1
747,243,Beauty,Supplier B,3842,4,2025-01-16,Mumbai,Referral,0
748,284,Home,Supplier C,382,2,2025-01-17,Bangalore,Email,0
749,111,Home,Supplier A,3312,4,2025-01-18,Hyderabad,Ads,1
750,173,Fashion,Supplier C,4692,3,2025-01-19,Bangalore,Email,1
751,115,Home,Supplier D,1717,2,2025-01-20,Mumbai,Referral,0
752,299,Fashion,Supplier C,1556,1,2025-01-21,Bangalore,Ads,1
753,201,Home,Supplier D,2374,1,2025-01-22,Hyderabad,Organic,0
754,251,Electronics,Supplier D,3829,3,2025-01-23,Hyderabad,Referral,0
755,255,Fashion,Supplier B,3828,1,2025-01-24,Delhi,Referral,1
756,216,Home,Supplier D,4296,4,2025-01-25,Chennai,Organic,0
757,107,Beauty,Supplier B,3439,4,2025-01-26,Delhi,Referral,0
758,221,Home,Supplier B,3891,3,2025-01-27,Hyderabad,Email,0
759,191,Beauty,Supplier B,218,1,2025-01-28,Mumbai,Organic,0
760,263,Beauty,Supplier A,3603,1,2025-01-29,Mumbai,Referral,0
761,189,Electronics,Supplier A,4879,3,2025-01-30,Delhi,Organic,0
762,235,Fashion,Supplier D,4751,2,2025-01-31,Hyderabad,Organic,1
763,285,Home,Supplier B,3204,1,2025-02-01,Mumbai,Organic,0
764,159,Electronics,Supplier A,1332,2,2025-02-02,Hyderabad,Ads,0
765,277,Home,Supplier B,3539,1,2025-02-03,Mumbai,Referral,0
766,127,Beauty,Supplier C,3511,1,2025-02-04,Hyderabad,Ads,1
767,200,Fashion,Supplier C,3572,1,2025-02-05,Bangalore,Referral,1
768,140,Home,Supplier C,1187,1,2025-02-06,Hyderabad,Email,0
769,291,Home,Supplier D,3521,4,2025-02-07,Hyderabad,Email,0
770,254,Beauty,Supplier B,4815,2,2025-02-08,Delhi,Email,0
771,290,Home,Supplier C,373,2,2025-02-09,Bangalore,Referral,0
772,244,Home,Supplier A,3941,1,2025-02-10,Chennai,Organic,0
773,260,Beauty,Supplier C,3252,1,2025-02-11,Delhi,Organic,0
774,256,Electronics,Supplier C,926,2,2025-02-12,Chennai,Ads,0
775,240,Beauty,Supplier C,3960,4,2025-02-13,Mumbai,Ads,0
776,145,Electronics,Supplier D,2075,3,2025-02-14,Chennai,Email,0
777,134,Fashion,Supplier A,4233,3,2025-02-15,Hyderabad,Ads,1
778,233,Electronics,Supplier B,1189,2,2025-02-16,Chennai,Referral,0
779,181,Electronics,Supplier A,3944,1,2025-02-17,Delhi,Referral,0
780,214,Fashion,Supplier B,2886,1,2025-02-18,Delhi,Ads,1
781,296,Electronics,Supplier D,619,4,2025-02-19,Chennai,Ads,0
782,146,Beauty,Supplier D,793,3,2025-02-20,Delhi,Ads,0
783,252,Electronics,Supplier D,1974,4,2025-02-21,Delhi,Ads,0
784,293,Fashion,Supplier D,2659,3,2025-02-22,Chennai,Email,0
785,109,Beauty,Supplier B,1135,2,2025-02-23,Bangalore,Email,0
786,155,Fashion,Supplier C,4008,3,2025-02-24,Bangalore,Ads,1
787,129,Fashion,Supplier B,531,4,2025-02-25,Mumbai,Referral,0
788,208,Home,Supplier A,3649,4,2025-02-26,Delhi,Email,0
789,104,Home,Supplier D,2902,4,2025-02-27,Chennai,Referral,0
790,218,Fashion,Supplier D,4206,2,2025-02-28,Delhi,Organic,1
791,132,Fashion,Supplier A,4068,3,2025-03-01,Hyderabad,Referral,1
792,217,Fashion,Supplier B,4400,3,2025-03-02,Delhi,Ads,1
793,164,Home,Supplier C,401,4,2025-03-03,Delhi,Organic,0
794,245,Home,Supplier C,2697,3,2025-03-04,Bangalore,Email,0
795,276,Electronics,Supplier A,2042,1,2025-03-05,Chennai,Email,0
796,110,Electronics,Supplier C,2066,1,2025-03-06,Delhi,Organic,0
797,184,Fashion,Supplier B,2196,1,2025-03-07,Bangalore,Referral,0
798,125,Beauty,Supplier B,1109,3,2025-03-08,Mumbai,Email,0
799,162,Beauty,Supplier A,4505,2,2025-03-09,Bangalore,Ads,0
800,185,Home,Supplier B,4858,2,2025-03-10,Bangalore,Organic,0
801,158,Home,Supplier D,3389,2,2025-03-11,Bangalore,Ads,0
802,126,Home,Supplier A,970,2,2025-03-12,Delhi,Organic,0
803,276,Fashion,Supplier B,3355,1,2025-03-13,Delhi,Email,1
804,260,Beauty,Supplier A,2701,1,2025-03-14,Mumbai,Referral,0
805,197,Electronics,Supplier C,2914,4,2025-03-15,Hyderabad,Organic,0
806,204,Fashion,Supplier B,4924,3,2025-03-16,Hyderabad,Organic,1
807,198,Electronics,Supplier D,3785,3,2025-03-17,Hyderabad,Ads,1
808,228,Electronics,Supplier B,1828,2,2025-03-18,Mumbai,Email,0
809,248,Fashion,Supplier A,586,1,2025-03-19,Hyderabad,Ads,1
810,154,Electronics,Supplier A,3621,2,2025-03-20,Hyderabad,Email,0
811,105,Beauty,Supplier B,4208,4,2025-03-21,Bangalore,Ads,0
812,296,Electronics,Supplier D,4293,3,2025-03-22,Delhi,Organic,0
813,194,Beauty,Supplier D,4563,3,2025-03-23,Delhi,Ads,0
814,232,Beauty,Supplier D,2666,2,2025-03-24,Bangalore,Referral,0
815,201,Beauty,Supplier A,2482,4,2025-03-25,Bangalore,Email,0
816,102,Home,Supplier B,2056,3,2025-03-26,Bangalore,Email,0
817,280,Electronics,Supplier C,2198,4,2025-03-27,Delhi,Organic,0
818,122,Fashion,Supplier A,1436,4,2025-03-28,Hyderabad,Email,0
819,152,Fashion,Supplier D,4869,2,2025-03-29,Bangalore,Referral,1
820,264,Electronics,Supplier B,4344,1,2025-03-30,Mumbai,Ads,1
821,182,Home,Supplier D,1350,2,2025-03-31,Bangalore,Organic,0
822,244,Home,Supplier C,4518,1,2025-04-01,Chennai,Referral,0
823,184,Beauty,Supplier D,1631,4,2025-04-02,Bangalore,Email,0
824,177,Electronics,Supplier D,2019,1,2025-04-03,Delhi,Email,0
825,209,Electronics,Supplier C,2524,4,2025-04-04,Bangalore,Referral,0
826,100,Fashion,Supplier B,1330,3,2025-04-05,Chennai,Ads,1
827,150,Electronics,Supplier A,2858,3,2025-04-06,Mumbai,Ads,0
828,272,Home,Supplier B,3700,3,2025-04-07,Hyderabad,Organic,0
829,103,Electronics,Supplier C,574,2,2025-04-08,Bangalore,Email,0
830,289,Fashion,Supplier D,2320,2,2025-04-09,Chennai,Referral,0
831,292,Beauty,Supplier B,4220,4,2025-04-10,Chennai,Ads,0
832,212,Fashion,Supplier A,2221,3,2025-04-11,Mumbai,Organic,0
833,131,Fashion,Supplier C,3905,2,2025-04-12,Delhi,Email,1
834,133,Beauty,Supplier B,3459,3,2025-04-13,Bangalore,Email,0
835,191,Fashion,Supplier A,3635,2,2025-04-14,Chennai,Organic,1
836,194,Fashion,Supplier C,2089,1,2025-04-15,Mumbai,Organic,0
837,171,Electronics,Supplier A,2023,1,2025-04-16,Hyderabad,Ads,0
838,138,Electronics,Supplier C,1674,3,2025-04-17,Chennai,Referral,0
839,253,Beauty,Supplier D,2442,4,2025-04-18,Mumbai,Email,0
840,261,Electronics,Supplier B,3443,2,2025-04-19,Delhi,Referral,0
841,281,Electronics,Supplier A,3334,2,2025-04-20,Delhi,Email,0
842,217,Fashion,Supplier C,2270,1,2025-04-21,Chennai,Email,0
843,102,Home,Supplier A,559,1,2025-04-22,Chennai,Referral,0
844,222,Electronics,Supplier A,2241,4,2025-04-23,Bangalore,Organic,0
845,149,Home,Supplier B,1341,4,2025-04-24,Mumbai,Ads,0
846,111,Electronics,Supplier D,1835,4,2025-04-25,Chennai,Email,0
847,292,Electronics,Supplier A,4200,3,2025-04-26,Bangalore,Organic,0
848,153,Beauty,Supplier C,2143,1,2025-04-27,Bangalore,Email,0
849,232,Beauty,Supplier C,4974,3,2025-04-28,Chennai,Ads,0
850,156,Beauty,Supplier D,3561,1,2025-04-29,Delhi,Email,0
851,244,Home,Supplier C,3180,1,2025-04-30,Mumbai,Ads,0
852,211,Fashion,Supplier D,206,2,2025-05-01,Mumbai,Ads,1
853,146,Electronics,Supplier C,3467,1,2025-05-02,Delhi,Email,0
854,250,Electronics,Supplier B,1791,1,2025-05-03,Chennai,Email,0
855,184,Electronics,Supplier A,3464,3,2025-05-04,Mumbai,Ads,1
856,241,Home,Supplier B,2806,1,2025-05-05,Chennai,Organic,0
857,165,Beauty,Supplier A,3419,3,2025-05-06,Chennai,Referral,0
858,174,Fashion,Supplier A,3473,4,2025-05-07,Bangalore,Ads,1
859,278,Home,Supplier A,1113,1,2025-05-08,Delhi,Email,0
860,202,Beauty,Supplier B,2211,1,2025-05-09,Chennai,Email,0
861,265,Home,Supplier A,1642,3,2025-05-10,Hyderabad,Organic,0
862,291,Fashion,Supplier B,3254,4,2025-05-11,Delhi,Referral,1
863,137,Beauty,Supplier D,3746,2,2025-05-12,Mumbai,Ads,1
864,149,Home,Supplier C,4421,4,2025-05-13,Bangalore,Ads,1
865,197,Fashion,Supplier C,3128,3,2025-05-14,Mumbai,Referral,1
866,181,Electronics,Supplier A,2029,4,2025-05-15,Mumbai,Ads,0
867,129,Fashion,Supplier B,775,3,2025-05-16,Delhi,Referral,0
868,178,Electronics,Supplier C,1129,3,2025-05-17,Mumbai,Email,0
869,190,Home,Supplier B,3959,2,2025-05-18,Chennai,Referral,0
870,278,Beauty,Supplier B,3899,1,2025-05-19,Mumbai,Ads,0
871,290,Beauty,Supplier A,1663,3,2025-05-20,Bangalore,Referral,0
872,151,Home,Supplier C,3475,3,2025-05-21,Bangalore,Organic,0
873,265,Beauty,Supplier A,1254,2,2025-05-22,Hyderabad,Email,0
874,178,Beauty,Supplier A,2100,3,2025-05-23,Bangalore,Email,0
875,129,Electronics,Supplier C,1657,1,2025-05-24,Mumbai,Referral,0
876,205,Home,Supplier C,1599,2,2025-05-25,Bangalore,Ads,0
877,150,Fashion,Supplier D,3615,1,2025-05-26,Delhi,Organic,1
878,180,Electronics,Supplier D,642,1,2025-05-27,Bangalore,Email,0
879,232,Home,Supplier B,3850,2,2025-05-28,Chennai,Email,0
880,128,Electronics,Supplier C,4852,3,2025-05-29,Delhi,Ads,1
881,231,Fashion,Supplier D,1378,1,2025-05-30,Hyderabad,Ads,1
882,237,Fashion,Supplier B,4658,1,2025-05-31,Chennai,Organic,1
883,283,Home,Supplier B,1457,1,2025-06-01,Mumbai,Referral,0
884,244,Fashion,Supplier B,3834,1,2025-06-02,Mumbai,Ads,1
885,173,Electronics,Supplier D,2041,2,2025-06-03,Mumbai,Referral,0
886,116,Fashion,Supplier C,2509,2,2025-06-04,Chennai,Organic,0
887,183,Electronics,Supplier A,1110,4,2025-06-05,Chennai,Referral,0
888,168,Electronics,Supplier B,4540,4,2025-06-06,Chennai,Email,0
889,133,Fashion,Supplier D,4837,1,2025-06-07,Delhi,Referral,1
890,105,Home,Supplier D,4209,3,2025-06-08,Delhi,Organic,0
891,152,Beauty,Supplier A,2369,1,2025-06-09,Mumbai,Organic,0
892,293,Fashion,Supplier A,2372,3,2025-06-10,Bangalore,Organic,0
893,225,Electronics,Supplier D,323,1,2025-06-11,Mumbai,Referral,0
894,142,Electronics,Supplier C,3358,4,2025-06-12,Hyderabad,Email,0
895,214,Fashion,Supplier A,985,4,2025-06-13,Delhi,Ads,1
896,210,Home,Supplier D,2616,3,2025-06-14,Chennai,Email,0
897,250,Home,Supplier A,996,1,2025-06-15,Delhi,Referral,0
898,282,Electronics,Supplier C,4372,3,2025-06-16,Chennai,Referral,0
899,179,Electronics,Supplier B,4354,4,2025-06-17,Hyderabad,Ads,0
900,194,Home,Supplier A,2136,1,2025-06-18,Hyderabad,Referral,0
901,217,Beauty,Supplier C,2356,1,2025-06-19,Delhi,Organic,0
902,243,Fashion,Supplier D,4007,3,2025-06-20,Chennai,Organic,1
903,107,Electronics,Supplier A,1501,2,2025-06-21,Hyderabad,Organic,0
904,231,Electronics,Supplier A,4363,3,2025-06-22,Mumbai,Organic,0
905,203,Home,Supplier D,3340,4,2025-06-23,Mumbai,Organic,0
906,231,Fashion,Supplier B,3436,4,2025-06-24,Chennai,Referral,1
907,283,Home,Supplier D,2552,4,2025-06-25,Delhi,Ads,0
908,124,Fashion,Supplier A,2132,4,2025-06-26,Hyderabad,Ads,1
909,294,Fashion,Supplier D,2921,4,2025-06-27,Delhi,Organic,0
910,195,Fashion,Supplier C,564,2,2025-06-28,Mumbai,Referral,0
911,294,Electronics,Supplier D,2590,1,2025-06-29,Hyderabad,Email,0
912,254,Beauty,Supplier A,1146,3,2025-06-30,Delhi,Email,0
913,192,Home,Supplier D,1577,3,2025-07-01,Bangalore,Referral,0
914,259,Beauty,Supplier B,1639,4,2025-07-02,Chennai,Organic,0
915,277,Home,Supplier D,3380,3,2025-07-03,Chennai,Ads,0
916,160,Fashion,Supplier B,540,4,2025-07-04,Bangalore,Referral,0
917,221,Electronics,Supplier C,3189,2,2025-07-05,Mumbai,Email,0
918,150,Beauty,Supplier B,582,2,2025-07-06,Hyderabad,Email,0
919,246,Electronics,Supplier D,1756,1,2025-07-07,Chennai,Email,0
920,120,Home,Supplier A,499,2,2025-07-08,Bangalore,Organic,0
921,104,Electronics,Supplier B,338,2,2025-07-09,Bangalore,Email,0
922,191,Electronics,Supplier C,558,1,2025-07-10,Mumbai,Referral,0
923,269,Beauty,Supplier B,1722,3,2025-07-11,Mumbai,Referral,0
924,160,Fashion,Supplier B,3656,4,2025-07-12,Delhi,Email,1
925,121,Electronics,Supplier B,1827,4,2025-07-13,Chennai,Referral,0
926,248,Fashion,Supplier C,1503,3,2025-07-14,Delhi,Email,0
927,169,Home,Supplier D,1334,1,2025-07-15,Bangalore,Email,0
928,100,Electronics,Supplier B,2386,3,2025-07-16,Hyderabad,Ads,0
929,232,Beauty,Supplier B,3370,2,2025-07-17,Hyderabad,Organic,0
930,111,Home,Supplier A,4035,1,2025-07-18,Mumbai,Organic,0
931,189,Home,Supplier C,2351,1,2025-07-19,Hyderabad,Ads,0
932,145,Beauty,Supplier B,1437,1,2025-07-20,Hyderabad,Ads,0
933,133,Electronics,Supplier C,3935,4,2025-07-21,Hyderabad,Organic,0
934,276,Electronics,Supplier B,3034,3,2025-07-22,Bangalore,Email,0
935,177,Home,Supplier D,4460,1,2025-07-23,Hyderabad,Email,0
936,144,Electronics,Supplier D,1198,1,2025-07-24,Hyderabad,Organic,0
937,254,Fashion,Supplier B,2767,1,2025-07-25,Hyderabad,Email,0
938,172,Beauty,Supplier D,1507,3,2025-07-26,Delhi,Ads,0
939,125,Fashion,Supplier B,856,4,2025-07-27,Bangalore,Email,0
940,146,Electronics,Supplier D,2860,2,2025-07-28,Mumbai,Email,0
941,220,Home,Supplier A,2411,4,2025-07-29,Delhi,Referral,0
942,155,Beauty,Supplier A,2109,1,2025-07-30,Chennai,Referral,0
943,193,Electronics,Supplier A,3930,4,2025-07-31,Bangalore,Referral,0
944,206,Electronics,Supplier C,2246,4,2025-08-01,Bangalore,Email,0
945,162,Home,Supplier C,3362,2,2025-08-02,Chennai,Organic,0
946,147,Home,Supplier A,1340,3,2025-08-03,Chennai,Ads,0
947,160,Fashion,Supplier C,466,3,2025-08-04,Chennai,Email,0
948,180,Beauty,Supplier D,2045,4,2025-08-05,Mumbai,Organic,0
949,125,Beauty,Supplier B,1908,4,2025-08-06,Hyderabad,Email,0
950,135,Home,Supplier B,3830,3,2025-08-07,Bangalore,Ads,0
951,100,Fashion,Supplier B,3411,3,2025-08-08,Hyderabad,Email,1
952,107,Beauty,Supplier A,2493,2,2025-08-09,Hyderabad,Ads,0
953,212,Home,Supplier C,3932,1,2025-08-10,Chennai,Email,0
954,198,Electronics,Supplier D,4029,4,2025-08-11,Mumbai,Ads,0
955,279,Beauty,Supplier D,1710,3,2025-08-12,Delhi,Email,0
956,146,Fashion,Supplier A,675,4,2025-08-13,Mumbai,Ads,1
957,226,Fashion,Supplier D,1176,4,2025-08-14,Hyderabad,Referral,0
958,155,Fashion,Supplier D,1407,3,2025-08-15,Mumbai,Email,0
959,113,Electronics,Supplier D,2160,2,2025-08-16,Chennai,Email,0
960,127,Beauty,Supplier D,757,4,2025-08-17,Delhi,Organic,0
961,177,Beauty,Supplier C,1082,2,2025-08-18,Chennai,Organic,0
962,229,Electronics,Supplier D,2394,3,2025-08-19,Delhi,Ads,0
963,208,Beauty,Supplier B,4961,1,2025-08-20,Hyderabad,Email,0
964,253,Electronics,Supplier A,2867,1,2025-08-21,Delhi,Ads,0
965,113,Electronics,Supplier C,4877,4,2025-08-22,Delhi,Referral,0
966,286,Electronics,Supplier D,4990,3,2025-08-23,Delhi,Organic,0
967,155,Fashion,Supplier C,1810,2,2025-08-24,Mumbai,Ads,1
968,214,Beauty,Supplier D,3688,4,2025-08-25,Mumbai,Ads,1
969,106,Electronics,Supplier B,2654,3,2025-08-26,Hyderabad,Organic,0
970,102,Beauty,Supplier A,4694,3,2025-08-27,Delhi,Email,0
971,210,Fashion,Supplier D,2146,2,2025-08-28,Bangalore,Ads,1
972,250,Electronics,Supplier D,4999,4,2025-08-29,Hyderabad,Organic,0
973,206,Home,Supplier D,3008,3,2025-08-30,Delhi,Email,0
974,117,Fashion,Supplier D,4025,3,2025-08-31,Delhi,Referral,1
975,137,Home,Supplier A,3736,3,2025-09-01,Mumbai,Organic,0
976,214,Beauty,Supplier A,4002,2,2025-09-02,Hyderabad,Ads,1
977,114,Beauty,Supplier B,4377,4,2025-09-03,Delhi,Referral,0
978,291,Fashion,Supplier A,4899,4,2025-09-04,Delhi,Email,1
979,218,Beauty,Supplier D,2170,4,2025-09-05,Hyderabad,Email,0
980,127,Home,Supplier B,4022,4,2025-09-06,Bangalore,Organic,0
981,138,Electronics,Supplier B,3019,1,2025-09-07,Hyderabad,Organic,0
982,284,Electronics,Supplier B,1102,1,2025-09-08,Hyderabad,Organic,0
983,116,Electronics,Supplier D,564,4,2025-09-09,Bangalore,Email,0
984,185,Fashion,Supplier C,4458,2,2025-09-10,Hyderabad,Referral,1
985,225,Beauty,Supplier D,3319,1,2025-09-11,Delhi,Email,0
986,143,Home,Supplier A,2758,3,2025-09-12,Hyderabad,Ads,0
987,124,Beauty,Supplier A,2063,1,2025-09-13,Bangalore,Email,0
988,244,Beauty,Supplier D,315,3,2025-09-14,Chennai,Ads,0
989,112,Beauty,Supplier D,2584,4,2025-09-15,Hyderabad,Referral,0
990,124,Electronics,Supplier B,4135,1,2025-09-16,Mumbai,Organic,0
991,167,Home,Supplier D,2690,2,2025-09-17,Delhi,Organic,0
992,237,Home,Supplier B,1142,1,2025-09-18,Delhi,Email,0
993,166,Beauty,Supplier A,1924,1,2025-09-19,Mumbai,Organic,0
994,208,Electronics,Supplier B,2534,1,2025-09-20,Mumbai,Referral,0
995,245,Electronics,Supplier D,2967,4,2025-09-21,Hyderabad,Organic,0
996,210,Home,Supplier A,1337,2,2025-09-22,Mumbai,Email,0
997,210,Electronics,Supplier C,2727,1,2025-09-23,Chennai,Referral,0
998,133,Electronics,Supplier B,4317,2,2025-09-24,Bangalore,Ads,1
999,210,Electronics,Supplier A,3620,4,2025-09-25,Mumbai,Email,0
1000,107,Fashion,Supplier B,4978,3,2025-09-26,Mumbai,Ads,1
